Culver,2,6
Mil,0,5
Maurice,0,6
Tabby,0,2
Micheal,0,3
Cirillo,1,5
Gill,2,3
Taite,0,5
Reinwald,1,3
Brina,2,1
Elliott,2,4
L;urette,0,1
Bucky,1,6
Graeme,2,3
Maximilian,2,1
Garik,2,1
Britte,1,1
Borden,2,1
Dyann,0,6
Tamma,2,1
Luise,0,6
Annalee,2,6
Evangeline,2,3
Chrissie,0,6
Demetris,2,6
Carlie,1,4
Orelle,1,6
Neville,1,3
Crissie,0,3
Stormi,2,4
Claudelle,0,6
Sheelagh,2,4
Gabbie,0,4
Travus,1,2
Elizabeth,2,1
Sherrie,2,5
Silvie,0,6
Kirstyn,2,6
Kipper,1,1
Randi,2,1
Fifine,1,5
Kingsley,2,3
Hilary,0,2
Ring,1,5
Cristian,2,3
Tracee,0,2
Darcie,2,3
Nap,1,3
Hussein,1,4
Dido,1,2
Alvira,2,3
Rochell,0,2
Andi,1,4
Esme,1,4
Franklin,0,4
Starlene,2,4
Daloris,1,1
Kalina,0,5
Darrel,1,1
Blake,0,4
Lanae,1,5
Catlee,1,2
Kerstin,1,6
Gabie,1,6
Nikolas,1,4
Yettie,0,5
Tate,2,6
Philly,2,2
Kevyn,1,4
Kaspar,1,6
Pattie,2,3
Mateo,0,5
Val,2,1
Ignace,1,1
Sadye,1,4
Laurianne,1,2
Lucilia,1,5
Far,1,6
Druci,0,3
Jessalin,2,4
Darrelle,2,3
Raquela,1,1
Dorey,0,3
Sascha,1,6
Karlens,2,5
Adriane,1,3
Quent,2,1
Ivette,2,2
Elisabet,1,1
Padgett,1,6
Dulci,0,2
Geordie,1,1
Tabb,2,2
Ilyse,2,3
Jayme,1,2
Jyoti,2,3
Pansy,0,4
Reeva,0,1
Field,1,3
Whitby,2,1
Ernesta,2,4
Brit,1,6
Carleton,0,1
Calli,1,3
Dniren,1,3
Melosa,1,1
Giulio,0,1
Erv,2,3
Vidovic,1,2
Obadias,2,3
Mair,1,6
Kali,2,6
Star,1,1
Alexis,1,5
Susanne,2,2
Mar,1,5
Kelwin,2,4
Lulu,1,5
Tull,0,4
Jenni,1,2
Kenn,0,4
Tobi,0,5
Aldric,2,5
Wallas,1,1
Ivory,1,1
Jammie,1,2
Piper,2,4
Humfrey,1,4
Armando,1,3
Rena,1,5
Crista,2,1
Eal,0,2
Titus,1,1
Armando,2,4
Rabbi,2,4
Tiffie,2,2
Horace,0,3
Trula,0,6
Marji,2,2
Layney,2,3
Clarence,0,5
Carolee,0,1
Free,2,1
Creigh,0,3
Inger,1,5
Hewe,1,2
Andree,1,1
Ingra,0,6
Rhody,1,6
Corabelle,0,4
Elbert,1,2
Read,0,3
Antonie,1,4
Vance,0,5
Dermot,0,5
Benita,0,2
Crichton,2,1
Jon,2,6
Harmon,1,6
Bay,0,1
Livy,0,1
Addie,2,3
Geoffrey,0,2
Danella,0,1
Linoel,0,2
Fredelia,0,5
Clerkclaude,0,2
Ellswerth,0,4
Saleem,0,3
Randall,0,1
Sharai,1,2
Alejoa,1,6
Adorne,2,4
Pierrette,0,6
Abigale,2,3
Beau,2,4
Alexi,0,3
Elene,0,3
Aubrie,0,5
Lothario,0,6
Ricky,1,4
Marlie,1,6
Vikki,1,1
Cherry,2,1
Madelena,1,2
Saraann,2,5
Wit,0,5
Tan,2,3
Uta,2,6
Galvin,0,3
Arluene,2,6
Orville,2,1
Gregg,2,4
Abbie,2,3
Dyanna,2,1
Darsey,1,3
Gery,1,1
Cassie,1,4
Lonnie,2,3
Gabrila,2,1
Sascha,1,6
Lexy,0,1
Karole,1,3
Sharia,2,3
Demetris,0,3
Mora,0,3
Barny,2,1
Shayna,1,6
Otha,2,3
Pierre,2,1
Jamey,2,3
Theodore,1,6
Freedman,2,1
Sherrie,2,4
Ernie,2,5
Desmond,1,2
Nana,2,3
Jenifer,1,6
Karolina,1,5
Wyn,2,5
Penrod,0,6
Madelina,2,6
Tiebold,1,2
Beth,1,1
Mace,2,4
Pietrek,0,2
Gav,1,5
Norton,1,6
Haily,1,1
Maurizio,1,5
Worth,2,4
Corbet,2,4
Conrado,0,3
Bessy,1,5
Janifer,0,2
Gris,0,2
Warde,2,4
Germaine,0,6
Frannie,0,1
Simeon,0,4
Nonah,2,3
Priscilla,1,2
Brittney,1,6
Odetta,2,4
Chas,2,6
Myrlene,0,3
Lonnie,2,4
Holden,2,5
Ninnetta,2,1
Billie,1,4
Sid,1,5
Adrian,0,2
Dody,0,3
Desdemona,0,6
Roxane,2,3
Dorice,0,1
Shina,0,4
Elysia,0,3
Stafford,0,2
Hasheem,1,2
Adam,0,1
Thor,1,1
Anny,1,1
Kyrstin,0,2
Gilbertina,2,1
Andeee,0,6
Matias,2,2
Anabel,1,6
Lydie,0,2
Westley,1,6
Hinze,2,3
Rycca,2,1
Skyler,1,2
Lucia,0,3
Karee,0,6
Winfred,2,3
Berkie,0,3
Adolphe,0,3
Diena,2,1
Daria,1,3
Whitney,0,1
Conroy,1,2
Maighdiln,2,6
Kayne,1,1
Meryl,1,6
Pat,1,4
Karna,0,5
Melinde,0,2
Nettle,0,1
Ashton,2,6
Kirsti,1,1
Sonia,0,1
Oralee,0,5
Jodi,1,2
Konstance,1,1
Mitchael,2,6
Marge,0,3
Fransisco,0,3
Lind,1,1
Kathie,0,3
Jacquenetta,2,4
Hamish,1,3
Burton,2,4
Moss,0,1
Katha,2,3
Harmon,1,3
Perceval,0,2
Calli,2,1
Elia,2,5
Reinhold,2,6
Amie,1,2
Blithe,2,6
Bearnard,0,2
Thomasine,1,4
Clywd,0,4
Conny,2,2
Ivor,0,1
Reeva,0,6
Oberon,1,1
Berkley,1,6
Margarita,2,2
Rois,2,5
Cristobal,0,1
Ollie,2,5
Silva,0,5
Isabel,2,5
Yulma,1,4
Cammi,0,1
Paulo,2,6
Jan,2,3
Yardley,2,4
Torie,0,5
Dona,1,2
Rodina,2,4
Josepha,0,6
Andreas,0,2
Mercedes,1,1
Benjamen,2,2
Katharina,0,1
Ford,2,1
Arther,2,4
Naomi,1,2
Alberto,1,1
Carita,0,2
Roderich,0,3
Jamil,0,6
Babita,2,5
Marline,1,5
Brew,1,3
Faina,0,3
Dario,2,1
Frederick,2,3
Philippa,2,3
Burr,0,6
Joscelin,0,6
Guillema,1,1
Joell,0,3
Ash,1,4
Puff,0,5
Daron,2,3
Addison,1,1
Cornelle,2,6
Marje,0,4
Brendan,0,4
Gothart,0,4
Gisele,1,4
Mitchael,2,4
Giacobo,0,5
Alfons,2,6
Rodd,0,1
Ed,0,6
Weider,2,6
Carey,0,5
Corenda,1,4
Mikael,1,6
Elfrida,1,6
Wynnie,1,2
Constance,1,2
Calypso,0,5
Jessamyn,2,3
Nevile,0,3
Desirae,0,5
Timoteo,2,6
Jo-ann,2,5
Warde,0,4
Gloria,2,4
Kippie,2,3
Arny,0,4
Natka,1,4
Heda,0,1
Rozalin,0,3
Arline,0,1
Noam,1,6
Edna,0,2
Sergio,0,5
Abigael,1,6
Jannel,2,6
Renaldo,0,3
Joni,2,4
Zerk,1,4
Tiphany,0,3
Waldo,0,3
Meaghan,1,4
Rosalinda,1,4
Cam,1,4
Sharyl,2,5
Britte,2,4
Emlynn,1,3
Ceciley,2,6
Kissee,0,6
Brucie,0,6
Jayme,2,2
Brion,2,2
Brew,2,5
Giffie,1,3
Amil,0,6
Virgie,1,2
Drucy,0,6
Mark,2,2
Jackquelin,2,5
Simon,0,2
Rockey,1,3
Audrye,0,5
Genevieve,1,1
Kyrstin,1,3
Steward,0,2
Liliane,2,5
Daren,0,4
Joelly,1,2
Shane,2,2
Shirl,2,6
Katherine,1,3
Melvin,1,5
Rachelle,1,5
Katerine,2,1
Fernandina,1,6
Joanne,0,5
Marcus,1,4
Ava,1,3
Hilton,0,1
Jo-ann,0,6
Shelton,1,6
Neille,0,4
Enrika,1,6
Lavinie,1,6
Lenci,2,6
Chilton,0,5
Parker,1,4
Melli,0,4
Bamby,1,5
Yulma,1,2
Rosamond,1,3
Bonita,1,5
Sindee,1,6
Benetta,2,3
Faustine,2,2
Rockwell,2,5
Nicolina,0,1
Chucho,0,1
Randy,2,2
Gale,2,3
Marielle,1,5
Case,1,5
Michale,0,4
Wilmette,0,4
Ranice,1,1
Mahala,0,6
Alix,1,6
Jodie,1,2
Kipp,1,5
Thomasina,0,2
Fawne,1,1
Dawna,0,5
Andra,1,1
Rurik,1,4
Mellisent,0,2
Nicholas,1,5
Dorita,0,2
Lena,0,4
Luella,1,3
Iolanthe,1,5
Con,2,2
Pattie,1,6
Heinrik,1,1
Corrine,2,6
Marijn,0,5
Ethelind,0,1
Jeddy,0,5
Blanca,0,4
Karia,1,1
Abbey,0,3
Harold,2,3
Thomasin,1,1
Amalea,0,2
Hogan,0,6
Janeczka,1,4
Barrett,0,2
Feliks,2,2
Rosita,0,5
Gael,2,6
Taite,2,5
Kary,2,6
Ferd,2,5
Ignacio,2,5
Devlen,0,5
Frederic,1,3
Betteanne,0,3
Kyle,2,5
Gibbie,1,4
Dorolice,1,6
Dian,0,6
Sophi,2,6
Pat,1,5
Jeannine,0,6
Gwendolin,2,4
Lenora,2,3
Sande,1,2
Glynis,0,2
Denny,0,2
Bowie,1,1
Clareta,1,1
Celie,1,3
Wilfrid,2,6
Frasco,0,5
Dulciana,0,1
Cornelle,1,3
Spence,0,5
Huntington,0,4
Garwin,0,1
Leonardo,1,1
Web,2,3
Marlow,1,1
Vivian,1,5
Damara,0,6
Christoph,0,4
Sonya,0,3
Anastasie,2,6
Cybil,0,6
Tildie,1,2
Alleen,1,1
Helaine,2,3
Scarface,2,3
Blaire,1,4
Randi,2,5
Imogene,0,1
Colby,2,6
Charla,0,1
Catlaina,2,3
Joellen,1,6
Park,1,2
Sigismund,0,2
Wes,0,3
Gabriele,1,1
Lida,1,2
Elayne,1,6
Isaac,1,1
Desiri,1,4
Cornie,1,5
Sybyl,2,2
Kerry,1,6
Timmi,0,4
Corbin,1,6
Cinnamon,2,4
Ara,0,4
Janessa,1,6
Sax,0,4
Leontine,2,4
Dido,0,1
Kilian,2,6
Jacklyn,1,5
Malvina,2,3
Delainey,1,3
Josephina,0,5
Wiatt,0,2
Vevay,2,6
Leeanne,1,4
Julina,1,4
Sebastiano,1,3
Daffi,1,2
Joellyn,0,3
Sibley,0,1
Janean,1,5
Luce,2,6
Lurleen,0,1
Herold,1,6
Bald,1,4
Finlay,2,6
Gabriello,1,2
Kris,2,1
Daren,1,5
Adan,2,3
Dede,2,3
Pamela,0,4
Claudelle,2,1
Moselle,1,3
De,0,5
Chiquia,2,6
Perle,1,3
Tyler,1,6
Verena,1,1
Emlen,1,3
Etan,0,2
Adrian,2,6
Clement,2,5
Addison,0,1
Corette,1,6
Kathryn,1,6
Benton,0,2
Tonnie,2,6
Klaus,0,6
Winfield,2,1
Babs,0,2
Will,2,2
Nanete,1,4
Ingeberg,1,2
Anallese,0,5
Perren,2,2
Laurens,2,6
Georgina,0,2
Evelina,2,2
Magnum,1,5
Bastien,1,4
Brose,2,3
Elyn,1,6
Valencia,2,5
Colet,0,6
Beret,0,6
Alfi,2,1
Giselle,0,4
Dorris,0,1
Daveta,1,2
Bell,0,2
Marisa,0,1
Adriena,0,6
Ely,0,4
Andy,1,6
Francois,0,4
Mitzi,2,2
Ruthie,2,2
Fayina,2,1
Avie,2,2
Brander,0,2
Demott,1,1
Mari,2,5
Biddy,2,4
Arv,0,6
Melessa,1,2
Welby,0,3
Bonnee,0,6
Willamina,2,5
Osmund,2,2
Pearla,1,4
Dav,2,6
Lisle,2,4
Forrester,2,3
Weider,2,5
Othilie,0,5
Maureene,2,2
Ernestus,0,6
Roy,0,4
Kizzee,0,6
Renell,1,4
Cordy,0,3
Lutero,1,3
Aeriela,1,5
Theodora,1,2
Fiann,1,3
Claudine,2,6
Katee,1,4
Happy,2,1
Sheree,1,3
Nancee,1,3
Idell,1,2
Sherill,2,5
Bamby,2,5
Felicle,0,4
Grady,1,4
Theodor,2,4
Toddie,1,4
Sherye,0,3
Marshal,0,2
Iorgo,0,4
Fleurette,2,5
Brittany,0,4
Abie,0,2
Raquela,0,5
Calypso,2,1
Noreen,0,6
Mariele,0,5
Joey,0,6
Westbrook,1,1
Wye,1,1
Abelard,1,1
Kylila,0,3
Gale,1,6
Kendell,1,4
Dickie,1,3
Andie,0,4
Derk,0,1
Cly,0,6
Lisa,2,3
Izak,1,3
Maurise,2,2
Kaine,1,5
Wyn,1,4
Stanislas,1,3
Gussi,2,6
Blondy,0,3
Alonso,2,4
Isadore,2,4
Richmond,2,1
Ryann,2,3
Barn,1,3
Delora,2,2
Joleen,2,4
Claudius,1,3
Paul,1,3
Casper,1,2
Holmes,2,3
Tarah,1,6
Kellina,0,5
Maddalena,2,1
Flss,1,4
Gino,2,2
Roxana,0,3
Rebe,2,2
Janenna,0,3
Ardella,0,1
Will,0,5
Jaclin,0,3
Marianna,0,5
Marilee,1,2
Sherri,1,5
Lloyd,2,3
Rosemary,1,6
Regen,0,4
Alvina,1,3
Blanch,1,5
Silvanus,0,2
Ina,2,1
Gracie,0,5
Marcelle,0,4
Desiree,0,3
Tyler,1,6
Fairlie,1,1
Allianora,2,6
Bevin,1,5
Harlie,2,6
Ekaterina,1,4
Yuri,2,1
Perry,1,3
Fayre,1,2
Lilli,2,6
Jud,0,1
Kyla,1,3
Colby,0,6
Ronnie,1,1
Belinda,1,3
Tommy,1,3
Windham,2,6
Estrellita,0,6
Jerrilyn,2,3
Amalie,1,4
Basile,0,1
Tamara,2,6
Ame,2,5
Katy,1,3
Rafi,1,6
Beltran,1,1
Dunc,2,5
Luther,2,5
Kinna,2,2
Susanna,2,6
Flory,1,6
Davida,1,2
Farrel,2,5
Jenifer,1,5
Eyde,2,5
Wilie,0,6
Marjy,2,2
Arvin,2,2
Harbert,2,6
Esra,2,4
Leroi,2,6
Elset,2,5
Charlot,1,4
Kate,1,2
Celinka,0,2
Noelyn,1,1
Tammy,1,5
Al,2,6
Marjorie,2,5
Hollis,1,5
Justine,1,2
Teodor,0,6
Beverlie,2,5
Karalee,0,5
Milena,1,5
Rozamond,0,6
Scarlett,2,1
Shannen,1,3
Kathryne,0,3
Quinta,0,3
Murial,2,4
Chickie,1,3
Dniren,2,5
Raphael,2,4
Shirline,2,5
Melba,1,3
Virgil,1,1
Kyrstin,2,6
Ilyse,1,4
Koralle,0,3
Gusta,0,1
Vivyanne,1,3
Brenden,2,1
Jeannette,1,4
Dickie,0,2
Wilmar,2,3
Yolanda,2,4
Blaine,2,5
Letitia,0,6
Siward,1,4
Benn,0,2
Jaquith,1,5
Lianna,2,2
Merrill,1,4
Shelly,1,2
Siegfried,0,2
Gilbertina,2,5
Kimberley,1,6
Paulette,0,2
Westbrook,2,1
Lorens,1,5
Sheilah,1,2
Ruthie,1,5
Gaby,2,2
Carney,0,4
Blancha,2,2
Teodorico,2,6
Gilbert,1,1
Roana,2,6
Amandi,2,6
Benjamin,0,5
Val,2,6
Bernete,2,2
Wilmer,2,6
Kailey,0,1
Sayre,0,5
Flory,1,2
Ashlan,0,5
Garek,1,4
Tish,2,3
Ignace,2,1
Marcille,2,4
Perrine,0,2
Shaun,2,1
Iorgos,0,5
Anders,1,6
Waneta,1,5
Meredeth,0,1
Marissa,1,6
Opaline,0,3
Henderson,2,5
Hillier,1,2
Sharleen,1,6
Webster,2,6
Janis,2,1
Terence,1,2
Lula,0,5
Sally,0,5
Abey,2,6
Lissie,1,3
Morly,2,5
Brett,2,4
Raimondo,0,5
Berny,0,5
Rosco,0,5
Bendite,1,4
Haskell,1,1
Mikel,0,2
Dredi,1,1
Vincenty,1,3
Callie,0,3
Chancey,2,3
Kimberlyn,2,6
Madeline,1,6
Townie,2,3
Sadella,1,6
Nealy,1,1
Davita,2,4
Melinda,1,2
Bernardo,1,5
Shina,2,5
Sabina,1,6
Fancie,0,1
Sharron,2,1
Cariotta,1,1
Neddie,2,1
Allison,1,6
Veda,0,2
Jennee,1,1
Jervis,1,4
Graehme,0,1
Libby,2,4
Pen,2,2
Sylvan,2,4
Belva,1,4
Perrine,1,5
Pam,0,5
Will,2,4
Orlan,0,1
Kipper,0,4
Thayne,1,2
Adolf,2,5
Mill,1,6
Marcellus,0,6
Spenser,2,2
Morena,0,3
Erwin,1,4
Margery,2,5
Ingeberg,2,3
Hadrian,0,2
Harvey,1,6
Dari,2,5
Eadith,2,1
Lelia,2,3
Wheeler,2,2
Farlay,2,1
Archer,1,1
Malinde,2,6
Kipp,0,6
Marshal,1,1
Gilburt,1,2
Leonhard,0,4
Alastair,2,2
Cyndy,0,5
Pacorro,0,5
Alfi,2,4
Bruno,2,3
Kev,1,6
Rodolphe,2,6
Lorrie,1,3
Annabell,2,1
Friederike,1,4
Robin,0,5
Godfrey,0,4
Viv,0,1
Lynnell,1,2
Ceciley,1,5
Amil,0,5
Lyman,0,5
Marijo,2,2
Odella,1,4
Maris,2,2
Hazel,2,2
Kania,1,6
Ettore,0,1
Marcelo,1,2
Monica,2,2
Penn,2,2
Lenard,0,1
Una,2,6
Pet,0,5
Tilly,2,4
Bobbette,0,1
Genevra,2,2
Tobey,1,6
Yasmin,0,5
Simmonds,2,1
Alina,1,1
Gideon,1,5
Louisa,0,6
Conny,1,6
Pincas,0,4
Adelice,1,4
Thedrick,0,5
Neale,2,2
Zacharia,2,5
Marna,0,1
Trey,2,4
Ema,2,3
Frederico,1,5
Agnes,2,2
Jennine,0,1
Pebrook,0,1
Michaela,0,4
Dagny,2,2
Darius,2,2
Goldia,2,4
Chilton,1,1
Sibylla,0,6
Brandtr,0,5
Jon,0,6
Danica,1,3
Enrica,2,4
Althea,2,6
Rozalin,0,2
Christalle,2,4
Guenevere,2,5
